web-scraper-order,web-scraper-start-url,name,name-href
"1626895457-1977","http://www.agrayellowpages.in/listing/categ.php?id=41","Doctors Physiotherapists","http://www.agrayellowpages.in/doctors-physiotherapists.html"
"1626895530-2354","http://www.agrayellowpages.in/listing/categ.php?id=8","Computer Graphics","http://www.agrayellowpages.in/computer-graphics-dtp-jobwork.html"
"1626895532-2377","http://www.agrayellowpages.in/listing/categ.php?id=7","Plastic Raw Material","http://www.agrayellowpages.in/plastic-raw-materials.html"
"1626895523-2302","http://www.agrayellowpages.in/listing/categ.php?id=11","Call Centre Training Institute","http://www.agrayellowpages.in/call-centre-training-institute.html"
"1626895546-2472","http://www.agrayellowpages.in/listing/categ.php?id=1","Plants Tissue culture","http://www.agrayellowpages.in/plant-tissue-culture.html"
"1626895516-2278","http://www.agrayellowpages.in/listing/categ.php?id=14","","http://www.agrayellowpages.in/.html"
"1626895457-1982","http://www.agrayellowpages.in/listing/categ.php?id=41","Doctors Sports Injury","http://www.agrayellowpages.in/doctors-sports-injury.html"
"1626895510-2215","http://www.agrayellowpages.in/listing/categ.php?id=17","Furniture","http://www.agrayellowpages.in/furniture-general.html"
"1626895487-2082","http://www.agrayellowpages.in/listing/categ.php?id=27","Pig Iron & Cast Iron","http://www.agrayellowpages.in/pig-iron-cast-iron.html"
"1626895507-2198","http://www.agrayellowpages.in/listing/categ.php?id=18","Crockery & Cuttlery","http://www.agrayellowpages.in/crockery-cutlery.html"
"1626895501-2161","http://www.agrayellowpages.in/listing/categ.php?id=21","Clubs & Cultural Association","http://www.agrayellowpages.in/clubs-cultural-associations.html"
"1626895523-2303","http://www.agrayellowpages.in/listing/categ.php?id=11","Coaching Classes General / Institute","http://www.agrayellowpages.in/coaching-classes-general-institute.html"
"1626895494-2132","http://www.agrayellowpages.in/listing/categ.php?id=24","Tele-communication Machines","http://www.agrayellowpages.in/tele-communication-systems-equp-manufacturers-suppliers.html"
"1626895546-2471","http://www.agrayellowpages.in/listing/categ.php?id=1","Ice Cream & Frozen Desserts Manufacturers & Wholesalers","http://www.agrayellowpages.in/ice-cream-frozen-desserts.html"
"1626895530-2357","http://www.agrayellowpages.in/listing/categ.php?id=8","Computer Manufacturers & Dealers","http://www.agrayellowpages.in/computer-manufacturer-dealers.html"
"1626895546-2458","http://www.agrayellowpages.in/listing/categ.php?id=1","Dairy Equipments Suppliers","http://www.agrayellowpages.in/dairy-equipments-suppliers.html"
"1626895483-2029","http://www.agrayellowpages.in/listing/categ.php?id=29","Adhesive, Glues & Gum Products","http://www.agrayellowpages.in/adhesive-glues-gum-products.html"
"1626895535-2387","http://www.agrayellowpages.in/listing/categ.php?id=6","Insurance Companies Agents","http://www.agrayellowpages.in/insurance-companies-agents-surveyors-consultants.html"
"1626895523-2313","http://www.agrayellowpages.in/listing/categ.php?id=11","Schools","http://www.agrayellowpages.in/school.html"
"1626895528-2324","http://www.agrayellowpages.in/listing/categ.php?id=9","Elevators Contractors","http://www.agrayellowpages.in/elevator-contractors-suppliers-maintainence.html"
"1626895514-2249","http://www.agrayellowpages.in/listing/categ.php?id=15","Food Machine Suppliers","http://www.agrayellowpages.in/food-processing-equipment.html"
"1626895532-2363","http://www.agrayellowpages.in/listing/categ.php?id=7","Bio-technology","http://www.agrayellowpages.in/biotechnology.html"
"1626895494-2117","http://www.agrayellowpages.in/listing/categ.php?id=24","Health Club Equipments & Suppliers","http://www.agrayellowpages.in/health-club-equipments.html"
"1626895528-2339","http://www.agrayellowpages.in/listing/categ.php?id=9","Plywood Timber Merchants","http://www.agrayellowpages.in/plywood-timber-merchants.html"
"1626895546-2457","http://www.agrayellowpages.in/listing/categ.php?id=1","Biotechnology","http://www.agrayellowpages.in/biotechnology.html"
"1626895535-2392","http://www.agrayellowpages.in/listing/categ.php?id=6","Machinery & Parts Manufacturers General","http://www.agrayellowpages.in/machinery-parts-manufacturers-general.html"
"1626895519-2280","http://www.agrayellowpages.in/listing/categ.php?id=13","Landscape Environment Horticulturist","http://www.agrayellowpages.in/landscape-environment-horticulturist.html"
"1626895535-2403","http://www.agrayellowpages.in/listing/categ.php?id=6","Tax Practitioners / Agents / Consultants","http://www.agrayellowpages.in/tax-practitioners-agents-consultants.html"
"1626895457-1970","http://www.agrayellowpages.in/listing/categ.php?id=41","Doctors Neonatologist","http://www.agrayellowpages.in/doctors-neonatologist.html"
"1626895530-2360","http://www.agrayellowpages.in/listing/categ.php?id=8","U.P.S","http://www.agrayellowpages.in/ups.html"
"1626895487-2077","http://www.agrayellowpages.in/listing/categ.php?id=27","Copper Chain","http://www.agrayellowpages.in/copper-chain.html"
"1626895483-2038","http://www.agrayellowpages.in/listing/categ.php?id=29","Advertisers Agencies","http://www.agrayellowpages.in/advertisers-agencies.html"
"1626895485-2067","http://www.agrayellowpages.in/listing/categ.php?id=28","Uniforms","http://www.agrayellowpages.in/uniforms.html"
"1626895543-2435","http://www.agrayellowpages.in/listing/categ.php?id=2","Bangle Shop Manufacturers & Distributors","http://www.agrayellowpages.in/bangles-shop-mfrs-distributor.html"
"1626895541-2431","http://www.agrayellowpages.in/listing/categ.php?id=3","Nut Bolt","http://www.agrayellowpages.in/nut-bolt.html"
"1626895516-2277","http://www.agrayellowpages.in/listing/categ.php?id=14","","http://www.agrayellowpages.in/.html"
"1626895512-2234","http://www.agrayellowpages.in/listing/categ.php?id=16","Shoe Materials","http://www.agrayellowpages.in/shoe-materials.html"
"1626895503-2176","http://www.agrayellowpages.in/listing/categ.php?id=20","Glassware Manufacturers & Wholesalers","http://www.agrayellowpages.in/glass-products-glassware.html"
"1626895457-1958","http://www.agrayellowpages.in/listing/categ.php?id=41","Doctors ENT","http://www.agrayellowpages.in/doctors-ENT.html"
"1626895543-2453","http://www.agrayellowpages.in/listing/categ.php?id=2","Thread Manufacturers & Suppliers","http://www.agrayellowpages.in/thread-manufacturers-suppliers.html"
"1626895514-2262","http://www.agrayellowpages.in/listing/categ.php?id=15","Tin Products","http://www.agrayellowpages.in/tin-products.html"
"1626895528-2317","http://www.agrayellowpages.in/listing/categ.php?id=9","Astrologers & Palmist","http://www.agrayellowpages.in/astrologers-palmists.html"
"1626895539-2410","http://www.agrayellowpages.in/listing/categ.php?id=4","Beauty Products & Parlour","http://www.agrayellowpages.in/beauty-saloons-beauticians.html"
"1626895521-2301","http://www.agrayellowpages.in/listing/categ.php?id=12","Wire & Wire Products","http://www.agrayellowpages.in/wire-wire-products.html"
"1626895530-2352","http://www.agrayellowpages.in/listing/categ.php?id=8","Computer DTP Jobwork","http://www.agrayellowpages.in/computer-graphics-dtp-jobwork.html"
"1626895535-2383","http://www.agrayellowpages.in/listing/categ.php?id=6","Homeopathic Consultants","http://www.agrayellowpages.in/doctors-homoeopathic-medicine-consultants.html"
"1626895521-2299","http://www.agrayellowpages.in/listing/categ.php?id=12","Weighting & Measuring Instruments","http://www.agrayellowpages.in/weighing-measuring-instruments.html"
"1626895512-2230","http://www.agrayellowpages.in/listing/categ.php?id=16","Footwear Retailers Showroom","http://www.agrayellowpages.in/footwear-retailer-showroom.html"
"1626895507-2212","http://www.agrayellowpages.in/listing/categ.php?id=18","Watches & Clocks","http://www.agrayellowpages.in/watches-clocks-manufacturers-retailers.html"
"1626895461-1991","http://www.agrayellowpages.in/listing/categ.php?id=39","Transport Services","http://www.agrayellowpages.in/transport-services.html"
"1626895483-2043","http://www.agrayellowpages.in/listing/categ.php?id=29","Printers-Offset","http://www.agrayellowpages.in/printers-offset.html"
"1626895535-2379","http://www.agrayellowpages.in/listing/categ.php?id=6","Business Services","http://www.agrayellowpages.in/business-services.html"
"1626895535-2406","http://www.agrayellowpages.in/listing/categ.php?id=6","Travel Agents & Tour Operators","http://www.agrayellowpages.in/travel-agents.html"
"1626895516-2273","http://www.agrayellowpages.in/listing/categ.php?id=14","Transformer","http://www.agrayellowpages.in/transformers.html"
"1626895457-1942","http://www.agrayellowpages.in/listing/categ.php?id=41","Doctors Anesthetists","http://www.agrayellowpages.in/doctors-anesthetists.html"
"1626895494-2118","http://www.agrayellowpages.in/listing/categ.php?id=24","Industrial Tools","http://www.agrayellowpages.in/industrial-tools.html"
"1626895535-2393","http://www.agrayellowpages.in/listing/categ.php?id=6","Magician","http://www.agrayellowpages.in/magician.html"
"1626895479-2022","http://www.agrayellowpages.in/listing/categ.php?id=31","Plastic Yarn","http://www.agrayellowpages.in/plastic-products.html"
"1626895485-2063","http://www.agrayellowpages.in/listing/categ.php?id=28","Paper Products","http://www.agrayellowpages.in/paper-manufacturers-distributors-merchants.html"
"1626895535-2388","http://www.agrayellowpages.in/listing/categ.php?id=6","Insurance Companies Consultants","http://www.agrayellowpages.in/insurance-companies-agents-surveyors-consultants.html"
"1626895535-2391","http://www.agrayellowpages.in/listing/categ.php?id=6","Machine Tools Manufacturer & Distributors","http://www.agrayellowpages.in/machine-tools-manufacturers-distributors.html"
"1626895528-2338","http://www.agrayellowpages.in/listing/categ.php?id=9","Pipes / Tubes Fitting Plastics & P.V.C","http://www.agrayellowpages.in/pipes-tubes-fitting-plastics-pvc.html"
"1626895523-2310","http://www.agrayellowpages.in/listing/categ.php?id=11","Educational Institute","http://www.agrayellowpages.in/educational-institute.html"
"1626895535-2397","http://www.agrayellowpages.in/listing/categ.php?id=6","Pest control Services","http://www.agrayellowpages.in/pest-control-services.html"
"1626895457-1986","http://www.agrayellowpages.in/listing/categ.php?id=41","Doctors Ultrasonologist","http://www.agrayellowpages.in/doctors-ultrasonologist.html"
"1626895516-2272","http://www.agrayellowpages.in/listing/categ.php?id=14","Invertors","http://www.agrayellowpages.in/invertors.html"
"1626895528-2347","http://www.agrayellowpages.in/listing/categ.php?id=9","Vastu Consultants","http://www.agrayellowpages.in/vastu-consultants.html"
"1626895528-2333","http://www.agrayellowpages.in/listing/categ.php?id=9","Hardware Products Manufacturers & Dealers","http://www.agrayellowpages.in/hardware-products.html"
"1626895512-2235","http://www.agrayellowpages.in/listing/categ.php?id=16","Shoe Components","http://www.agrayellowpages.in/shoe-components.html"
"1626895468-1996","http://www.agrayellowpages.in/listing/categ.php?id=36","Mobile Phones","http://www.agrayellowpages.in/mobile-phones.html"
"1626895457-1956","http://www.agrayellowpages.in/listing/categ.php?id=41","Doctors Endocrinologists","http://www.agrayellowpages.in/doctors-endocrinologists.html"
"1626895519-2281","http://www.agrayellowpages.in/listing/categ.php?id=13","Water Treatments","http://www.agrayellowpages.in/water-treatments.html"
"1626895476-2014","http://www.agrayellowpages.in/listing/categ.php?id=32","Paper Manufacturers","http://www.agrayellowpages.in/paper-manufacturers-distributors-merchants.html"
"1626895507-2195","http://www.agrayellowpages.in/listing/categ.php?id=18","Bangles Manufacturers & Distributors","http://www.agrayellowpages.in/bangles-shop-mfrs-distributor.html"
"1626895516-2269","http://www.agrayellowpages.in/listing/categ.php?id=14","Generators Spares Parts Suppliers / Repairs","http://www.agrayellowpages.in/generators-spares-parts-suppliers-repairs.html"
"1626895512-2240","http://www.agrayellowpages.in/listing/categ.php?id=16","Sports Wear","http://www.agrayellowpages.in/sports-wear.html"
"1626895532-2374","http://www.agrayellowpages.in/listing/categ.php?id=7","Oil Processing Equipments","http://www.agrayellowpages.in/oil-processing-equipment.html"
"1626895521-2285","http://www.agrayellowpages.in/listing/categ.php?id=12","CCTV","http://www.agrayellowpages.in/CCTV.html"
"1626895457-1952","http://www.agrayellowpages.in/listing/categ.php?id=41","Doctors Dentists","http://www.agrayellowpages.in/Doctors-Dentists.html"
"1626895532-2372","http://www.agrayellowpages.in/listing/categ.php?id=7","Lubricating Oil & Greases","http://www.agrayellowpages.in/lubricating-oils-greases.html"
"1626895501-2168","http://www.agrayellowpages.in/listing/categ.php?id=21","Food Processing Equipment","http://www.agrayellowpages.in/food-processing-equipment.html"
"1626895516-2267","http://www.agrayellowpages.in/listing/categ.php?id=14","Generators Dealers / Hirers","http://www.agrayellowpages.in/generators-dealers-hirers.html"
"1626895505-2190","http://www.agrayellowpages.in/listing/categ.php?id=19","Saloon","http://www.agrayellowpages.in/beauty-saloons-beauticians.html"
"1626895490-2089","http://www.agrayellowpages.in/listing/categ.php?id=26","Ayurvedic Medicines","http://www.agrayellowpages.in/ayurvedic-medicines.html"
"1626895503-2175","http://www.agrayellowpages.in/listing/categ.php?id=20","Glass Products Manufacturers & Wholesalers","http://www.agrayellowpages.in/glass-products-glassware.html"
"1626895485-2052","http://www.agrayellowpages.in/listing/categ.php?id=28","Furniture General","http://www.agrayellowpages.in/furniture-general.html"
"1626895457-1943","http://www.agrayellowpages.in/listing/categ.php?id=41","Doctors Ayurvedic","http://www.agrayellowpages.in/doctors-ayurvedic.html"
"1626895528-2345","http://www.agrayellowpages.in/listing/categ.php?id=9","Submersible Pump","http://www.agrayellowpages.in/submersible-pump.html"
"1626895541-2419","http://www.agrayellowpages.in/listing/categ.php?id=3","Automobile Car Gas Converters (CNG / LPG)","http://www.agrayellowpages.in/automobile-car-gas-converters-cng-lpg.html"
"1626895543-2452","http://www.agrayellowpages.in/listing/categ.php?id=2","Tailors,Trimming, Drapers & Suppliers","http://www.agrayellowpages.in/tailors-trimmings-drapers-supplies.html"
"1626895483-2041","http://www.agrayellowpages.in/listing/categ.php?id=29","Printers-Screen","http://www.agrayellowpages.in/printers-screen.html"
"1626895514-2257","http://www.agrayellowpages.in/listing/categ.php?id=15","Food Products","http://www.agrayellowpages.in/food-products.html"
"1626895514-2264","http://www.agrayellowpages.in/listing/categ.php?id=15","Salt Manufacturers & Suppliers","http://www.agrayellowpages.in/salt-manufacturers-suppliers.html"
"1626895494-2137","http://www.agrayellowpages.in/listing/categ.php?id=24","Weighing & Measuring Instrument","http://www.agrayellowpages.in/weighing-measuring-instruments.html"
"1626895535-2381","http://www.agrayellowpages.in/listing/categ.php?id=6","Event Management","http://www.agrayellowpages.in/events-management.html"
"1626895535-2396","http://www.agrayellowpages.in/listing/categ.php?id=6","Share Brokers & Consultants / Otc Exchanges","http://www.agrayellowpages.in/share-brokers-consultants-otc-exchanges.html"
"1626895494-2126","http://www.agrayellowpages.in/listing/categ.php?id=24","Photocopying Machines Sale / Service","http://www.agrayellowpages.in/photocopying-machines-sale-service.html"
"1626895507-2202","http://www.agrayellowpages.in/listing/categ.php?id=18","Glass Products","http://www.agrayellowpages.in/glass-products-glassware.html"
"1626895499-2156","http://www.agrayellowpages.in/listing/categ.php?id=22","Cleaning Products","http://www.agrayellowpages.in/cleaning-products.html"
"1626895503-2170","http://www.agrayellowpages.in/listing/categ.php?id=20","Aluminum Utensils Manufacturers","http://www.agrayellowpages.in/aluminium-utensils-manufacturers.html"
"1626895505-2187","http://www.agrayellowpages.in/listing/categ.php?id=19","Health Clubs Equipments & Suppliers","http://www.agrayellowpages.in/health-club-equipments.html"
"1626895512-2239","http://www.agrayellowpages.in/listing/categ.php?id=16","Sports Goods & Shoes","http://www.agrayellowpages.in/sports-goods-shoes.html"
"1626895543-2442","http://www.agrayellowpages.in/listing/categ.php?id=2","Sports Goods & Shoes","http://www.agrayellowpages.in/sports-goods-shoes.html"
"1626895512-2232","http://www.agrayellowpages.in/listing/categ.php?id=16","Rubber & Rubber Products Manufacturers & Suppliers","http://www.agrayellowpages.in/rubber-rubber-product-manufacturers-suppliers.html"
"1626895543-2438","http://www.agrayellowpages.in/listing/categ.php?id=2","Footwears Retailer Showroom","http://www.agrayellowpages.in/footwear-retailer-showroom.html"
"1626895479-2028","http://www.agrayellowpages.in/listing/categ.php?id=31","Plastic Granules","http://www.agrayellowpages.in/plastic-granules.html"
"1626895532-2362","http://www.agrayellowpages.in/listing/categ.php?id=7","Adhesive, Glues & Gum Products","http://www.agrayellowpages.in/adhesive-glues-gum-products.html"
"1626895457-1968","http://www.agrayellowpages.in/listing/categ.php?id=41","Doctors Medicine","http://www.agrayellowpages.in/doctors-medicine.html"
"1626895505-2185","http://www.agrayellowpages.in/listing/categ.php?id=19","Beauty Parlour & Beauticians","http://www.agrayellowpages.in/beauty-saloons-beauticians.html"
"1626895521-2286","http://www.agrayellowpages.in/listing/categ.php?id=12","Electric Constractors","http://www.agrayellowpages.in/electric-contractors.html"
"1626895492-2102","http://www.agrayellowpages.in/listing/categ.php?id=25","","http://www.agrayellowpages.in/.html"
"1626895463-1993","http://www.agrayellowpages.in/listing/categ.php?id=38","Travel Agents & Tour Operator","http://www.agrayellowpages.in/travel-agents.html"
"1626895457-1980","http://www.agrayellowpages.in/listing/categ.php?id=41","Doctors Semen Bank","http://www.agrayellowpages.in/doctors-semen.html"
"1626895487-2087","http://www.agrayellowpages.in/listing/categ.php?id=27","Sheet Metal Products","http://www.agrayellowpages.in/sheet-metal-products.html"
"1626895494-2141","http://www.agrayellowpages.in/listing/categ.php?id=24","Fax Machines Services","http://www.agrayellowpages.in/fax-machines-services.html"
"1626895457-1963","http://www.agrayellowpages.in/listing/categ.php?id=41","Doctors Homoeopathic Medicine / Consultants","http://www.agrayellowpages.in/doctors-homoeopathic-medicine-consultants.html"
"1626895499-2157","http://www.agrayellowpages.in/listing/categ.php?id=22","Chemicals Industrial & General","http://www.agrayellowpages.in/chemicals-industrial-general.html"
"1626895507-2204","http://www.agrayellowpages.in/listing/categ.php?id=18","Greeting Cards","http://www.agrayellowpages.in/greeting-cards-calenders-galleries.html"
"1626895514-2256","http://www.agrayellowpages.in/listing/categ.php?id=15","Petha & Namkeen","http://www.agrayellowpages.in/petha-namkeen.html"
"1626895457-1971","http://www.agrayellowpages.in/listing/categ.php?id=41","Doctors Neuro-Surgeon","http://www.agrayellowpages.in/Doctors%20Neuro-Surgeon.html"
"1626895501-2163","http://www.agrayellowpages.in/listing/categ.php?id=21","Party Place","http://www.agrayellowpages.in/party-place.html"
"1626895532-2364","http://www.agrayellowpages.in/listing/categ.php?id=7","Cements Manufacturers & Suppliers","http://www.agrayellowpages.in/cement-manufacturers-suppliers.html"
"1626895546-2455","http://www.agrayellowpages.in/listing/categ.php?id=1","Agriculture C & F Agents","http://www.agrayellowpages.in/agricultural-cf-agents.html"
"1626895541-2428","http://www.agrayellowpages.in/listing/categ.php?id=3","Diesel Engines Spares Manufacturers & Dealers.","http://www.agrayellowpages.in/diesel-engines-spares-manufacturers-dealers.html"
"1626895457-1989","http://www.agrayellowpages.in/listing/categ.php?id=41","Doctors-X-Ray & Other Diagnostic Services","http://www.agrayellowpages.in/doctors-X-ray-other-diagnostic-services.html"
"1626895487-2083","http://www.agrayellowpages.in/listing/categ.php?id=27","Pin, Clips & Garments Pins","http://www.agrayellowpages.in/pin-clip-garments-pin.html"
"1626895514-2253","http://www.agrayellowpages.in/listing/categ.php?id=15","Ice Cream Frozen Peas Manufacturers & Wholesalers","http://www.agrayellowpages.in/ice-cream-frozen-peas.html"
"1626895521-2284","http://www.agrayellowpages.in/listing/categ.php?id=12","C.F.L","http://www.agrayellowpages.in/cfl.html"
"1626895494-2130","http://www.agrayellowpages.in/listing/categ.php?id=24","Railway Equipment & Suppliers","http://www.agrayellowpages.in/railway-equipment-suppliers.html"
"1626895494-2120","http://www.agrayellowpages.in/listing/categ.php?id=24","Machine Tools Manufacturers & Distributors","http://www.agrayellowpages.in/machine-tools-manufacturers-distributors.html"
"1626895510-2216","http://www.agrayellowpages.in/listing/categ.php?id=17","Plastic Doors","http://www.agrayellowpages.in/plastic-doors.html"
"1626895523-2309","http://www.agrayellowpages.in/listing/categ.php?id=11","Education Training Center","http://www.agrayellowpages.in/education-training-center.html"
"1626895476-2016","http://www.agrayellowpages.in/listing/categ.php?id=32","Paper Products","http://www.agrayellowpages.in/paper-manufacturers-distributors-merchants.html"
"1626895505-2188","http://www.agrayellowpages.in/listing/categ.php?id=19","Homeopathic Consultants","http://www.agrayellowpages.in/doctors-homoeopathic-medicine-consultants.html"
"1626895543-2444","http://www.agrayellowpages.in/listing/categ.php?id=2","Elastics Goods","http://www.agrayellowpages.in/elastics-goods.html"
"1626895485-2048","http://www.agrayellowpages.in/listing/categ.php?id=28","Blinds","http://www.agrayellowpages.in/blinds.html"
"1626895501-2162","http://www.agrayellowpages.in/listing/categ.php?id=21","Hotels","http://www.agrayellowpages.in/hotels.html"
"1626895496-2144","http://www.agrayellowpages.in/listing/categ.php?id=23","Jewellery-Manufacturers & WholeSalers","http://www.agrayellowpages.in/jewellery-manufacturers-wholesalers.html"
"1626895523-2308","http://www.agrayellowpages.in/listing/categ.php?id=11","Driving Schools","http://www.agrayellowpages.in/driving-school.html"
"1626895479-2027","http://www.agrayellowpages.in/listing/categ.php?id=31","Plastic Blow Moulders","http://www.agrayellowpages.in/plastic-blow-moulders.html"
"1626895457-1948","http://www.agrayellowpages.in/listing/categ.php?id=41","Doctors Chest Specialists","http://www.agrayellowpages.in/doctors-chest-specialists.html"
"1626895505-2192","http://www.agrayellowpages.in/listing/categ.php?id=19","Yoga","http://www.agrayellowpages.in/yoga.html"
"1626895487-2088","http://www.agrayellowpages.in/listing/categ.php?id=27","Steel Furniture","http://www.agrayellowpages.in/steel-furniture.html"
"1626895479-2019","http://www.agrayellowpages.in/listing/categ.php?id=31","Packaging Materials","http://www.agrayellowpages.in/packaging-materials.html"
"1626895501-2164","http://www.agrayellowpages.in/listing/categ.php?id=21","Restaurant & Bars","http://www.agrayellowpages.in/restaurants-bars.html"
"1626895487-2071","http://www.agrayellowpages.in/listing/categ.php?id=27","Bearing / Bushes","http://www.agrayellowpages.in/ball-roller-bearing-bushes.html"
"1626895532-2376","http://www.agrayellowpages.in/listing/categ.php?id=7","Plastic Products","http://www.agrayellowpages.in/plastic-products.html"
"1626895521-2300","http://www.agrayellowpages.in/listing/categ.php?id=12","Welding Electrodes Equipments Cables","http://www.agrayellowpages.in/welding-electrodes-equipments-cables.html"
"1626895541-2434","http://www.agrayellowpages.in/listing/categ.php?id=3","Tyres & Tubes Manufacturers & Dealers","http://www.agrayellowpages.in/tyres-tubes-manufacturers-dealers.html"
"1626895503-2181","http://www.agrayellowpages.in/listing/categ.php?id=20","","http://www.agrayellowpages.in/.html"
"1626895485-2064","http://www.agrayellowpages.in/listing/categ.php?id=28","Steel Furniture","http://www.agrayellowpages.in/steel-furniture.html"
"1626895490-2091","http://www.agrayellowpages.in/listing/categ.php?id=26","Fitness Equipments","http://www.agrayellowpages.in/fitness-equipment.html"
"1626895494-2110","http://www.agrayellowpages.in/listing/categ.php?id=24","Engineering Equipments & Material Suppliers","http://www.agrayellowpages.in/engineering-equipment-material-suppliers.html"
"1626895539-2415","http://www.agrayellowpages.in/listing/categ.php?id=4","Pharma Products Wholesalers & Distributors","http://www.agrayellowpages.in/pharmaceuticals-products-wholesalers-distributers.html"
"1626895546-2466","http://www.agrayellowpages.in/listing/categ.php?id=1","Agriculture Pipes","http://www.agrayellowpages.in/agricultural-pipes.html"
"1626895468-1998","http://www.agrayellowpages.in/listing/categ.php?id=36","Video Recorders & Players","http://www.agrayellowpages.in/video-recorders.html"
"1626895485-2061","http://www.agrayellowpages.in/listing/categ.php?id=28","Plywood / Timber Merchants","http://www.agrayellowpages.in/plywood-timber-merchants.html"
"1626895505-2189","http://www.agrayellowpages.in/listing/categ.php?id=19","Fitness Equipment","http://www.agrayellowpages.in/fitness-equipment.html"
"1626895546-2467","http://www.agrayellowpages.in/listing/categ.php?id=1","Cold Storage","http://www.agrayellowpages.in/cold-storage.html"
"1626895465-1994","http://www.agrayellowpages.in/listing/categ.php?id=37","Cloth Merchant","http://www.agrayellowpages.in/cloth-merchant.html"
"1626895503-2172","http://www.agrayellowpages.in/listing/categ.php?id=20","Brass Products","http://www.agrayellowpages.in/brass-products.html"
"1626895521-2298","http://www.agrayellowpages.in/listing/categ.php?id=12","Water Treatments Machine","http://www.agrayellowpages.in/water-treatments.html"
"1626895499-2155","http://www.agrayellowpages.in/listing/categ.php?id=22","Brushes","http://www.agrayellowpages.in/brushes.html"
"1626895494-2129","http://www.agrayellowpages.in/listing/categ.php?id=24","Printer Barcode Machines","http://www.agrayellowpages.in/printers-barcode.html"
"1626895546-2464","http://www.agrayellowpages.in/listing/categ.php?id=1","Supari Merchants","http://www.agrayellowpages.in/supari-merchant.html"
"1626895499-2152","http://www.agrayellowpages.in/listing/categ.php?id=22","Barcode Printers","http://www.agrayellowpages.in/barcode-printers.html"
"1626895535-2399","http://www.agrayellowpages.in/listing/categ.php?id=6","Research Service Centres","http://www.agrayellowpages.in/research-centres.html"
"1626895512-2223","http://www.agrayellowpages.in/listing/categ.php?id=16","Footwear Exporters","http://www.agrayellowpages.in/footwear-exporters.html"
"1626895457-1983","http://www.agrayellowpages.in/listing/categ.php?id=41","Doctors Surgeons","http://www.agrayellowpages.in/doctors-surgeons.html"
"1626895494-2105","http://www.agrayellowpages.in/listing/categ.php?id=24","Bio-logical Apparatus Machine","http://www.agrayellowpages.in/biological-apparatus.html"
"1626895516-2276","http://www.agrayellowpages.in/listing/categ.php?id=14","Energy Saving Equipments","http://www.agrayellowpages.in/energy-saving-equipments.html"
"1626895507-2205","http://www.agrayellowpages.in/listing/categ.php?id=18","Lamps","http://www.agrayellowpages.in/lamps.html"
"1626895457-1965","http://www.agrayellowpages.in/listing/categ.php?id=41","Doctors Infertility Centre","http://www.agrayellowpages.in/doctors-infertility-centre.html"
"1626895528-2344","http://www.agrayellowpages.in/listing/categ.php?id=9","Stone Manufacturers & Suppliers","http://www.agrayellowpages.in/stone-manufacturers-suppliers.html"
"1626895487-2075","http://www.agrayellowpages.in/listing/categ.php?id=27","Casting - Ferrous & Non Ferrous","http://www.agrayellowpages.in/casting-ferrous-non-ferrous.html"
"1626895514-2248","http://www.agrayellowpages.in/listing/categ.php?id=15","Floor Mill & Merchants","http://www.agrayellowpages.in/flour-mills-merchants.html"
"1626895499-2153","http://www.agrayellowpages.in/listing/categ.php?id=22","Battery Storage wholesalers & Manufacturers","http://www.agrayellowpages.in/battery-storage.html"
"1626895543-2436","http://www.agrayellowpages.in/listing/categ.php?id=2","Cloth Merchants","http://www.agrayellowpages.in/cloth-merchant.html"
"1626895546-2468","http://www.agrayellowpages.in/listing/categ.php?id=1","Dairy Products","http://www.agrayellowpages.in/dairy-products.html"
"1626895507-2203","http://www.agrayellowpages.in/listing/categ.php?id=18","Handicrafts & Handlooms","http://www.agrayellowpages.in/handicrafts-handlooms.html"
"1626895457-1946","http://www.agrayellowpages.in/listing/categ.php?id=41","Doctors Cardiologists","http://www.agrayellowpages.in/doctors-cardiologists.html"
"1626895457-1960","http://www.agrayellowpages.in/listing/categ.php?id=41","Doctor Gastro-Enterologist","http://www.agrayellowpages.in/doctor-gastro-enterologist.html"
"1626895457-1944","http://www.agrayellowpages.in/listing/categ.php?id=41","Doctors Burn Unit","http://www.agrayellowpages.in/doctors-burn-unit.html"
"1626895535-2394","http://www.agrayellowpages.in/listing/categ.php?id=6","Material Testing Lab","http://www.agrayellowpages.in/material-testing-lab.html"
"1626895483-2031","http://www.agrayellowpages.in/listing/categ.php?id=29","Paper Manufacturers","http://www.agrayellowpages.in/paper-manufacturers-distributors-merchants.html"
"1626895514-2259","http://www.agrayellowpages.in/listing/categ.php?id=15","Sweet & Farsan Shops","http://www.agrayellowpages.in/sweet-farsan-shops-halwais.html"
"1626895512-2218","http://www.agrayellowpages.in/listing/categ.php?id=16","Footwear Components","http://www.agrayellowpages.in/footwear-components.html"
"1626895494-2134","http://www.agrayellowpages.in/listing/categ.php?id=24","Vaccume Equipments & Systems","http://www.agrayellowpages.in/vaccume-equipment-systems.html"
"1626895546-2460","http://www.agrayellowpages.in/listing/categ.php?id=1","Food Products","http://www.agrayellowpages.in/food-products.html"
"1626895543-2440","http://www.agrayellowpages.in/listing/categ.php?id=2","Mementos","http://www.agrayellowpages.in/mementos.html"
"1626895487-2069","http://www.agrayellowpages.in/listing/categ.php?id=27","Aluminium Utensils Manufacturers","http://www.agrayellowpages.in/aluminium-utensils-manufacturers.html"
"1626895543-2445","http://www.agrayellowpages.in/listing/categ.php?id=2","Fitness Equipments","http://www.agrayellowpages.in/fitness-equipment.html"
"1626895528-2316","http://www.agrayellowpages.in/listing/categ.php?id=9","Architects","http://www.agrayellowpages.in/architects.html"
"1626895487-2073","http://www.agrayellowpages.in/listing/categ.php?id=27","Brass Products","http://www.agrayellowpages.in/brass-products.html"
"1626895496-2148","http://www.agrayellowpages.in/listing/categ.php?id=23","Gemstone","http://www.agrayellowpages.in/#.html"
"1626895483-2046","http://www.agrayellowpages.in/listing/categ.php?id=29","Stationery General","http://www.agrayellowpages.in/wedding-cards.html"
"1626895528-2315","http://www.agrayellowpages.in/listing/categ.php?id=9","Aluminium Partition","http://www.agrayellowpages.in/aluminium-partition.html"
"1626895494-2112","http://www.agrayellowpages.in/listing/categ.php?id=24","Fitness Equipments","http://www.agrayellowpages.in/fitness-equipment.html"
"1626895507-2210","http://www.agrayellowpages.in/listing/categ.php?id=18","Sports Goods","http://www.agrayellowpages.in/sports-goods-shoes.html"
"1626895528-2314","http://www.agrayellowpages.in/listing/categ.php?id=9","Aluminium Door & Windows","http://www.agrayellowpages.in/aluminium-door-window.html"
"1626895474-2007","http://www.agrayellowpages.in/listing/categ.php?id=33","Biological Apparatus","http://www.agrayellowpages.in/biological-apparatus.html"
"1626895487-2084","http://www.agrayellowpages.in/listing/categ.php?id=27","Pipes / Tubes Fittings","http://www.agrayellowpages.in/pipes-tubes-fitting-plastics-pvc.html"
"1626895457-1947","http://www.agrayellowpages.in/listing/categ.php?id=41","Doctors Cardiothorasic & vascules","http://www.agrayellowpages.in/doctors-cardiothorasic-vascules.html"
"1626895494-2104","http://www.agrayellowpages.in/listing/categ.php?id=24","Barcode Printers","http://www.agrayellowpages.in/barcode-printers.html"
"1626895479-2023","http://www.agrayellowpages.in/listing/categ.php?id=31","Plastic Raw Materials","http://www.agrayellowpages.in/plastic-raw-materials.html"
"1626895505-2186","http://www.agrayellowpages.in/listing/categ.php?id=19","Fitness Equipments","http://www.agrayellowpages.in/fitness-equipment.html"
"1626895528-2332","http://www.agrayellowpages.in/listing/categ.php?id=9","Hand Pump","http://www.agrayellowpages.in/hand-pump.html"
"1626895507-2207","http://www.agrayellowpages.in/listing/categ.php?id=18","Key Chains","http://www.agrayellowpages.in/key-chains.html"
"1626895457-1957","http://www.agrayellowpages.in/listing/categ.php?id=41","Doctors Endoscopy Laparoscopy","http://www.agrayellowpages.in/doctors-endoscopy-laparoscopy.html"
"1626895541-2426","http://www.agrayellowpages.in/listing/categ.php?id=3","Automobiles Manufactures & Dealers","http://www.agrayellowpages.in/automobiles-manufactures-dealers.html"
"1626895457-1974","http://www.agrayellowpages.in/listing/categ.php?id=41","Doctors Orthopedic","http://www.agrayellowpages.in/doctors-orthopedic.html"
"1626895537-2408","http://www.agrayellowpages.in/listing/categ.php?id=5","Bicyles & Rickshaw","http://www.agrayellowpages.in/bicycle-manufacturers-dealers.html"
"1626895457-1978","http://www.agrayellowpages.in/listing/categ.php?id=41","Doctors Psychiatrist Psychologists","http://www.agrayellowpages.in/doctors-psychiatrist-psychologists.html"
"1626895541-2427","http://www.agrayellowpages.in/listing/categ.php?id=3","Diesel Engines Manufacturers & Dealers","http://www.agrayellowpages.in/diesel-engines-manfacturer-dealers.html"
"1626895514-2245","http://www.agrayellowpages.in/listing/categ.php?id=15","Dairy Equipments & Suppliers","http://www.agrayellowpages.in/dairy-equipments-suppliers.html"
"1626895519-2282","http://www.agrayellowpages.in/listing/categ.php?id=13","","http://www.agrayellowpages.in/.html"
"1626895483-2033","http://www.agrayellowpages.in/listing/categ.php?id=29","Paper Products","http://www.agrayellowpages.in/paper-manufacturers-distributors-merchants.html"
"1626895492-2101","http://www.agrayellowpages.in/listing/categ.php?id=25","Marriage Bureau","http://www.agrayellowpages.in/marriage-bureau.html"
"1626895487-2081","http://www.agrayellowpages.in/listing/categ.php?id=27","Mineral Water","http://www.agrayellowpages.in/mineral-water.html"
"1626895457-1984","http://www.agrayellowpages.in/listing/categ.php?id=41","Doctor T.B Specialist","http://www.agrayellowpages.in/doctor-tb-speicialist.html"
"1626895494-2114","http://www.agrayellowpages.in/listing/categ.php?id=24","Footwear Machine Manufacturers","http://www.agrayellowpages.in/footwear-machinery.html"
"1626895483-2044","http://www.agrayellowpages.in/listing/categ.php?id=29","Printers Barcode","http://www.agrayellowpages.in/printers-barcode.html"
"1626895521-2295","http://www.agrayellowpages.in/listing/categ.php?id=12","Security System Equipments","http://www.agrayellowpages.in/security-system-equipment.html"
"1626895474-2013","http://www.agrayellowpages.in/listing/categ.php?id=33","Scientific Apparatus & Instruments","http://www.agrayellowpages.in/scientific-apparatus-instruments.html"
"1626895474-2012","http://www.agrayellowpages.in/listing/categ.php?id=33","Surgical Appliances / Equipment & Supplies","http://www.agrayellowpages.in/surgical-appliances-equipment-supplies.html"
"1626895543-2450","http://www.agrayellowpages.in/listing/categ.php?id=2","Sports Goods & Shoes","http://www.agrayellowpages.in/sports-goods-shoes.html"
"1626895461-1990","http://www.agrayellowpages.in/listing/categ.php?id=39","Transporters / Bulk Carriers","http://www.agrayellowpages.in/transport-services.html"
"1626895521-2294","http://www.agrayellowpages.in/listing/categ.php?id=12","Note Counting Machine","http://www.agrayellowpages.in/note-counting-machine.html"
"1626895535-2385","http://www.agrayellowpages.in/listing/categ.php?id=6","Industrial Advisors","http://www.agrayellowpages.in/industrial-advisor.html"
"1626895528-2349","http://www.agrayellowpages.in/listing/categ.php?id=9","Wire & Wire Products","http://www.agrayellowpages.in/wire-wire-products.html"
"1626895535-2400","http://www.agrayellowpages.in/listing/categ.php?id=6","Road Building Contrators","http://www.agrayellowpages.in/road-building-contractor.html"
"1626895514-2247","http://www.agrayellowpages.in/listing/categ.php?id=15","Edible Oils & Fats","http://www.agrayellowpages.in/edible-oils-fats-refined.html"
"1626895528-2346","http://www.agrayellowpages.in/listing/categ.php?id=9","Tiles & Flooring General","http://www.agrayellowpages.in/tiles-floorings-general.html"
"1626895457-1967","http://www.agrayellowpages.in/listing/categ.php?id=41","Doctors Laproscopy","http://www.agrayellowpages.in/doctors-laproscopy.html"
"1626895479-2026","http://www.agrayellowpages.in/listing/categ.php?id=31","Plastic & Plastic Packaging","http://www.agrayellowpages.in/plastic-plastic-packaging.html"
"1626895472-2006","http://www.agrayellowpages.in/listing/categ.php?id=34","Security Services","http://www.agrayellowpages.in/security-services.html"
"1626895514-2244","http://www.agrayellowpages.in/listing/categ.php?id=15","Bakers & Confectioners","http://www.agrayellowpages.in/bakers-confectioneries-pastry-shops.html"
"1626895494-2128","http://www.agrayellowpages.in/listing/categ.php?id=24","Medical Instruments","http://www.agrayellowpages.in/medical-instruments.html"
"1626895523-2312","http://www.agrayellowpages.in/listing/categ.php?id=11","School Accessories","http://www.agrayellowpages.in/school-accessories.html"
"1626895494-2106","http://www.agrayellowpages.in/listing/categ.php?id=24","Catering Equipments & Suppliers","http://www.agrayellowpages.in/catering-plate.html"
"1626895528-2322","http://www.agrayellowpages.in/listing/categ.php?id=9","Furniture General","http://www.agrayellowpages.in/furniture-general.html"
"1626895512-2227","http://www.agrayellowpages.in/listing/categ.php?id=16","Footwear Machines Manufacturers","http://www.agrayellowpages.in/footwear-machinery.html"
"1626895457-1972","http://www.agrayellowpages.in/listing/categ.php?id=41","Doctors Nutrition & Obesity Clinic","http://www.agrayellowpages.in/doctors-nutrition-obesity-clinic.html"
"1626895543-2451","http://www.agrayellowpages.in/listing/categ.php?id=2","Sports Wear","http://www.agrayellowpages.in/sports-wear.html"
"1626895539-2409","http://www.agrayellowpages.in/listing/categ.php?id=4","Ayurvedic Medicines","http://www.agrayellowpages.in/ayurvedic-medicines.html"
"1626895490-2097","http://www.agrayellowpages.in/listing/categ.php?id=26","Pharmaceuticals Manufacturers","http://www.agrayellowpages.in/pharmaceuticals-manufacturers.html"
"1626895519-2283","http://www.agrayellowpages.in/listing/categ.php?id=13","","http://www.agrayellowpages.in/.html"
"1626895507-2209","http://www.agrayellowpages.in/listing/categ.php?id=18","Mementos","http://www.agrayellowpages.in/mementos.html"
"1626895516-2275","http://www.agrayellowpages.in/listing/categ.php?id=14","Voltage Stabilizers","http://www.agrayellowpages.in/voltage-stabilizers.html"
"1626895535-2386","http://www.agrayellowpages.in/listing/categ.php?id=6","Industrial Consultant","http://www.agrayellowpages.in/industrial-consultants.html"
"1626895512-2221","http://www.agrayellowpages.in/listing/categ.php?id=16","Footwear Foam","http://www.agrayellowpages.in/footwear-foam.html"
"1626895483-2042","http://www.agrayellowpages.in/listing/categ.php?id=29","Publishers Education Books","http://www.agrayellowpages.in/publishers-education-books.html"
"1626895532-2368","http://www.agrayellowpages.in/listing/categ.php?id=7","Cleaning Products","http://www.agrayellowpages.in/cleaning-products.html"
"1626895514-2252","http://www.agrayellowpages.in/listing/categ.php?id=15","Ice Cream & Frozen Deserts Wholesalers","http://www.agrayellowpages.in/ice-cream-frozen-desserts.html"
"1626895501-2169","http://www.agrayellowpages.in/listing/categ.php?id=21","Commercial Kitchen Equipments","http://www.agrayellowpages.in/commercial-kitchen-equipments.html"
"1626895535-2405","http://www.agrayellowpages.in/listing/categ.php?id=6","Transport Services","http://www.agrayellowpages.in/transport-services.html"
"1626895528-2348","http://www.agrayellowpages.in/listing/categ.php?id=9","Welding Electrodes Equipments & Cables","http://www.agrayellowpages.in/welding-electrodes-equipments-cables.html"
"1626895483-2047","http://www.agrayellowpages.in/listing/categ.php?id=29","Book Publishers / Distributors & Shops","http://www.agrayellowpages.in/book-publishers-distributors-shops.html"
"1626895494-2136","http://www.agrayellowpages.in/listing/categ.php?id=24","Water Level Controller","http://www.agrayellowpages.in/water-level-controller.html"
"1626895457-1988","http://www.agrayellowpages.in/listing/categ.php?id=41","Doctors Veterinary / Dog Clinic","http://www.agrayellowpages.in/doctors-veterinary.html"
"1626895494-2121","http://www.agrayellowpages.in/listing/categ.php?id=24","Machinery & Parts Manufacturers General","http://www.agrayellowpages.in/machinery-parts-manufacturers-general.html"
"1626895494-2127","http://www.agrayellowpages.in/listing/categ.php?id=24","Perforator Machinery Manufacturers & Suppliers","http://www.agrayellowpages.in/perforator-machinery-manufacturers-suppliers.html"
"1626895535-2380","http://www.agrayellowpages.in/listing/categ.php?id=6","Custom & Clearing Agents","http://www.agrayellowpages.in/custom-clearing-agents.html"
"1626895510-2214","http://www.agrayellowpages.in/listing/categ.php?id=17","Steel Furniture","http://www.agrayellowpages.in/steel-furniture.html"
"1626895468-1995","http://www.agrayellowpages.in/listing/categ.php?id=36","Fax Machines Services","http://www.agrayellowpages.in/fax-machines-services.html"
"1626895494-2103","http://www.agrayellowpages.in/listing/categ.php?id=24","Agriculture Equipments / Implements","http://www.agrayellowpages.in/agricultural-equipment-implements.html"
"1626895490-2100","http://www.agrayellowpages.in/listing/categ.php?id=26","Surgical Appliances / Equipments & Suppliers","http://www.agrayellowpages.in/surgical-appliances-equipment-supplies.html"
"1626895535-2407","http://www.agrayellowpages.in/listing/categ.php?id=6","Vastu Consultant","http://www.agrayellowpages.in/vastu-consultants.html"
"1626895532-2371","http://www.agrayellowpages.in/listing/categ.php?id=7","Kerosene Gas","http://www.agrayellowpages.in/kerosene-gas.html"
"1626895539-2414","http://www.agrayellowpages.in/listing/categ.php?id=4","Homeopathic Medicines Stores","http://www.agrayellowpages.in/homeopathic-medicines-stores.html"
"1626895539-2413","http://www.agrayellowpages.in/listing/categ.php?id=4","Homeopathic Consultant","http://www.agrayellowpages.in/doctors-homoeopathic-medicine-consultants.html"
"1626895479-2021","http://www.agrayellowpages.in/listing/categ.php?id=31","Plastic Products","http://www.agrayellowpages.in/plastic-products.html"
"1626895485-2054","http://www.agrayellowpages.in/listing/categ.php?id=28","Invertors","http://www.agrayellowpages.in/invertors.html"
"1626895490-2095","http://www.agrayellowpages.in/listing/categ.php?id=26","Medical Instruments","http://www.agrayellowpages.in/medical-instruments.html"
"1626895519-2279","http://www.agrayellowpages.in/listing/categ.php?id=13","Biotechnology","http://www.agrayellowpages.in/biotechnology.html"
"1626895546-2465","http://www.agrayellowpages.in/listing/categ.php?id=1","Agriculture Equipments / Implements","http://www.agrayellowpages.in/agricultural-equipment-implements.html"
"1626895523-2304","http://www.agrayellowpages.in/listing/categ.php?id=11","Coaching Classes Language","http://www.agrayellowpages.in/coaching-classes-language.html"
"1626895535-2395","http://www.agrayellowpages.in/listing/categ.php?id=6","Musicals & Dance Classes","http://www.agrayellowpages.in/musical-dance-classes.html"
"1626895490-2098","http://www.agrayellowpages.in/listing/categ.php?id=26","Pharmaceuticals Products Wholesalers & Distributors","http://www.agrayellowpages.in/pharmaceuticals-products-wholesalers-distributers.html"
"1626895543-2448","http://www.agrayellowpages.in/listing/categ.php?id=2","Readmade Garments Dealers & Retailers","http://www.agrayellowpages.in/ready-made-garments-manufacturers-dealers-retailers.html"
"1626895470-2001","http://www.agrayellowpages.in/listing/categ.php?id=35","Swimming Pool","http://www.agrayellowpages.in/swimming-pool.html"
"1626895532-2370","http://www.agrayellowpages.in/listing/categ.php?id=7","Explosive Material","http://www.agrayellowpages.in/explosive-material.html"
"1626895514-2263","http://www.agrayellowpages.in/listing/categ.php?id=15","Frozen Peas Manufacturers","http://www.agrayellowpages.in/frozen-peas-manufacturers.html"
"1626895483-2030","http://www.agrayellowpages.in/listing/categ.php?id=29","Corrugated Products","http://www.agrayellowpages.in/corrugated-products.html"
"1626895490-2090","http://www.agrayellowpages.in/listing/categ.php?id=26","Chemist Druggist","http://www.agrayellowpages.in/chemist-druggists.html"
"1626895546-2459","http://www.agrayellowpages.in/listing/categ.php?id=1","Flour Mill & Merchants","http://www.agrayellowpages.in/flour-mills-merchants.html"
"1626895535-2382","http://www.agrayellowpages.in/listing/categ.php?id=6","Foreign Exchange Dealers","http://www.agrayellowpages.in/foreign-exchange.html"
"1626895528-2318","http://www.agrayellowpages.in/listing/categ.php?id=9","Bathroom Fittings","http://www.agrayellowpages.in/bathroom-fitting.html"
"1626895543-2443","http://www.agrayellowpages.in/listing/categ.php?id=2","Boutiques","http://www.agrayellowpages.in/boutiques.html"
"1626895468-1999","http://www.agrayellowpages.in/listing/categ.php?id=36","Wireless Networking Solution","http://www.agrayellowpages.in/wireless-networking-solution.html"
"1626895507-2199","http://www.agrayellowpages.in/listing/categ.php?id=18","Elastics Goods","http://www.agrayellowpages.in/elastics-goods.html"
"1626895483-2035","http://www.agrayellowpages.in/listing/categ.php?id=29","Packing Machine Manufacturer","http://www.agrayellowpages.in/packing-machine-manufacturer.html"
"1626895535-2402","http://www.agrayellowpages.in/listing/categ.php?id=6","Share Brokers & Consultants","http://www.agrayellowpages.in/share-brokers-consultants-otc-exchanges.html"
"1626895457-1951","http://www.agrayellowpages.in/listing/categ.php?id=41","Doctors Critical Care","http://www.agrayellowpages.in/doctors-critical-care.html"
"1626895490-2099","http://www.agrayellowpages.in/listing/categ.php?id=26","Scientific Apparatus & Instruments","http://www.agrayellowpages.in/scientific-apparatus-instruments.html"
"1626895541-2423","http://www.agrayellowpages.in/listing/categ.php?id=3","Automobile used Cars","http://www.agrayellowpages.in/automobiles-used-cars.html"
"1626895499-2158","http://www.agrayellowpages.in/listing/categ.php?id=22","Industrial Belts","http://www.agrayellowpages.in/industrial-belts.html"
"1626895546-2456","http://www.agrayellowpages.in/listing/categ.php?id=1","Agriculture Inputs / Fertilizers","http://www.agrayellowpages.in/agricultural-inputs-fertilizers.html"
"1626895530-2351","http://www.agrayellowpages.in/listing/categ.php?id=8","Computer Consultants","http://www.agrayellowpages.in/consultants-computer.html"
"1626895505-2194","http://www.agrayellowpages.in/listing/categ.php?id=19","Doctors Physiotherapists","http://www.agrayellowpages.in/doctors-physiotherapists.html"
"1626895499-2150","http://www.agrayellowpages.in/listing/categ.php?id=22","Air-Conditioner Manufacturers & Dealers","http://www.agrayellowpages.in/air-conditioners-manufactures-dealers.html"
"1626895457-1950","http://www.agrayellowpages.in/listing/categ.php?id=41","Doctors Cosmetic Surgeons","http://www.agrayellowpages.in/doctors-cosmetic-surgeons.html"
"1626895541-2424","http://www.agrayellowpages.in/listing/categ.php?id=3","Ball & Roller Bearing / Bushes","http://www.agrayellowpages.in/ball-roller-bearing-bushes.html"
"1626895543-2454","http://www.agrayellowpages.in/listing/categ.php?id=2","Undergarments","http://www.agrayellowpages.in/under-garments.html"
"1626895487-2079","http://www.agrayellowpages.in/listing/categ.php?id=27","Memtos","http://www.agrayellowpages.in/mementos.html"
"1626895528-2327","http://www.agrayellowpages.in/listing/categ.php?id=9","Engineers Equipments & Material Suppliers","http://www.agrayellowpages.in/engineering-equipment-material-suppliers.html"
"1626895543-2447","http://www.agrayellowpages.in/listing/categ.php?id=2","Leather Goods & Accessories","http://www.agrayellowpages.in/leather-goods-accessories.html"
"1626895541-2418","http://www.agrayellowpages.in/listing/categ.php?id=3","Automobile Air Conditioning","http://www.agrayellowpages.in/automobile-air-Conditioning.html"
"1626895470-2002","http://www.agrayellowpages.in/listing/categ.php?id=35","Sports Wear","http://www.agrayellowpages.in/sports-wear.html"
"1626895546-2469","http://www.agrayellowpages.in/listing/categ.php?id=1","Food Processing Machine Equipments & Supliers","http://www.agrayellowpages.in/food-machine-suppliers.html"
"1626895503-2174","http://www.agrayellowpages.in/listing/categ.php?id=20","Catering & Caterers","http://www.agrayellowpages.in/catering-caterers.html"
"1626895503-2178","http://www.agrayellowpages.in/listing/categ.php?id=20","Utensils","http://www.agrayellowpages.in/utensils.html"
"1626895479-2025","http://www.agrayellowpages.in/listing/categ.php?id=31","Plastic Doors","http://www.agrayellowpages.in/plastic-doors.html"
"1626895474-2011","http://www.agrayellowpages.in/listing/categ.php?id=33","Vaccume Equipment & Systems","http://www.agrayellowpages.in/vaccume-equipment-systems.html"
"1626895543-2449","http://www.agrayellowpages.in/listing/categ.php?id=2","Saree Shops & Matching Centres","http://www.agrayellowpages.in/saree-shops-matching-centres.html"
"1626895530-2356","http://www.agrayellowpages.in/listing/categ.php?id=8","Computer Media, Stationary & Related Item","http://www.agrayellowpages.in/computer-media-stationary-related-items.html"
"1626895490-2092","http://www.agrayellowpages.in/listing/categ.php?id=26","Homeopathic Consultants","http://www.agrayellowpages.in/doctors-homoeopathic-medicine-consultants.html"
"1626895532-2365","http://www.agrayellowpages.in/listing/categ.php?id=7","Chemical Construction","http://www.agrayellowpages.in/chemical-construction.html"
"1626895546-2473","http://www.agrayellowpages.in/listing/categ.php?id=1","Submersible Pump","http://www.agrayellowpages.in/submersible-pump.html"
"1626895528-2342","http://www.agrayellowpages.in/listing/categ.php?id=9","Security System Equipments","http://www.agrayellowpages.in/security-system-equipment.html"
"1626895485-2057","http://www.agrayellowpages.in/listing/categ.php?id=28","Office Automation Equipment","http://www.agrayellowpages.in/office-automation-equipment.html"
"1626895512-2217","http://www.agrayellowpages.in/listing/categ.php?id=16","Footwear Accessories","http://www.agrayellowpages.in/footwear-accessories.html"
"1626895516-2266","http://www.agrayellowpages.in/listing/categ.php?id=14","Energy Saving Equipments","http://www.agrayellowpages.in/energy-saving-equipments.html"
"1626895541-2429","http://www.agrayellowpages.in/listing/categ.php?id=3","Tractor Dealer","http://www.agrayellowpages.in/agri-tractors.html"
"1626895483-2032","http://www.agrayellowpages.in/listing/categ.php?id=29","Plastic & Plastic Packaging","http://www.agrayellowpages.in/plastic-plastic-packaging.html"
"1626895530-2355","http://www.agrayellowpages.in/listing/categ.php?id=8","Computer Hardware / Pheripherals","http://www.agrayellowpages.in/computer-hardware-peripherals.html"
"1626895457-1987","http://www.agrayellowpages.in/listing/categ.php?id=41","Doctors Venereal & Sexologists","http://www.agrayellowpages.in/doctors-venereal-sexologists.html"
"1626895457-1975","http://www.agrayellowpages.in/listing/categ.php?id=41","Doctors Pathologists","http://www.agrayellowpages.in/doctors-pathologists.html"
"1626895457-1959","http://www.agrayellowpages.in/listing/categ.php?id=41","Doctors Eye","http://www.agrayellowpages.in/doctors-eye.html"
"1626895512-2224","http://www.agrayellowpages.in/listing/categ.php?id=16","Shoe Soles","http://www.agrayellowpages.in/shoe-soles.html"
"1626895521-2293","http://www.agrayellowpages.in/listing/categ.php?id=12","Lights Manufacturers & Suppliers","http://www.agrayellowpages.in/lights-lighting-products.html"
"1626895505-2191","http://www.agrayellowpages.in/listing/categ.php?id=19","Swimming Pools","http://www.agrayellowpages.in/swimming-pool.html"
"1626895512-2225","http://www.agrayellowpages.in/listing/categ.php?id=16","Footwear / Safety (Industrial )","http://www.agrayellowpages.in/footwear-safety-Industrial.html"
"1626895485-2055","http://www.agrayellowpages.in/listing/categ.php?id=28","Interior Decorators & Designers","http://www.agrayellowpages.in/interior-decorators-designers.html"
"1626895494-2139","http://www.agrayellowpages.in/listing/categ.php?id=24","Water Purifiers","http://www.agrayellowpages.in/water-purifiers.html"
"1626895512-2236","http://www.agrayellowpages.in/listing/categ.php?id=16","Shoe Welts","http://www.agrayellowpages.in/shoe-welts.html"
"1626895514-2243","http://www.agrayellowpages.in/listing/categ.php?id=15","Salt Manufacturers & Suppliers","http://www.agrayellowpages.in/salt-manufacturers-suppliers.html"
"1626895528-2323","http://www.agrayellowpages.in/listing/categ.php?id=9","Construction Equipments","http://www.agrayellowpages.in/construction-equipments.html"
"1626895501-2165","http://www.agrayellowpages.in/listing/categ.php?id=21","House Keeping","http://www.agrayellowpages.in/house-keeping.html"
"1626895457-1966","http://www.agrayellowpages.in/listing/categ.php?id=41","Doctors Joint Replacement","http://www.agrayellowpages.in/doctors-joint-replacement.html"
"1626895457-1939","http://www.agrayellowpages.in/listing/categ.php?id=41","Doctor Dentist","http://www.agrayellowpages.in/Doctors-Dentists.html"
"1626895535-2389","http://www.agrayellowpages.in/listing/categ.php?id=6","Interior Decorators & Designers","http://www.agrayellowpages.in/interior-decorators-designers.html"
"1626895463-1992","http://www.agrayellowpages.in/listing/categ.php?id=38","Tour & Travel","http://www.agrayellowpages.in/tour-travel.html"
"1626895535-2404","http://www.agrayellowpages.in/listing/categ.php?id=6","Telebrand Shopping","http://www.agrayellowpages.in/telebrand-shopping.html"
"1626895512-2233","http://www.agrayellowpages.in/listing/categ.php?id=16","Shoe Exporters","http://www.agrayellowpages.in/shoe-exporters.html"
"1626895457-1981","http://www.agrayellowpages.in/listing/categ.php?id=41","Doctors Skin (Dermatologists)","http://www.agrayellowpages.in/doctors-skin-dermatologists.html"
"1626895514-2246","http://www.agrayellowpages.in/listing/categ.php?id=15","Dairy Products","http://www.agrayellowpages.in/dairy-products.html"
"1626895494-2113","http://www.agrayellowpages.in/listing/categ.php?id=24","Food Machines Suppliers","http://www.agrayellowpages.in/food-machine-suppliers.html"
"1626895503-2173","http://www.agrayellowpages.in/listing/categ.php?id=20","Brushes","http://www.agrayellowpages.in/brushes.html"
"1626895457-1941","http://www.agrayellowpages.in/listing/categ.php?id=41","Doctors Allergy","http://www.agrayellowpages.in/doctors-allergy.html"
"1626895532-2367","http://www.agrayellowpages.in/listing/categ.php?id=7","Chemical Industrial & General","http://www.agrayellowpages.in/chemicals-industrial-general.html"
"1626895541-2430","http://www.agrayellowpages.in/listing/categ.php?id=3","Lubricating Oils & Greases","http://www.agrayellowpages.in/lubricating-oils-greases.html"
"1626895510-2213","http://www.agrayellowpages.in/listing/categ.php?id=17","Aluminium Partition","http://www.agrayellowpages.in/aluminium-partition.html"
"1626895516-2274","http://www.agrayellowpages.in/listing/categ.php?id=14","U.P.S","http://www.agrayellowpages.in/ups.html"
"1626895516-2265","http://www.agrayellowpages.in/listing/categ.php?id=14","Battery Storage","http://www.agrayellowpages.in/battery-storage.html"
"1626895535-2398","http://www.agrayellowpages.in/listing/categ.php?id=6","Placement Consultants","http://www.agrayellowpages.in/placement-consultants.html"
"1626895530-2358","http://www.agrayellowpages.in/listing/categ.php?id=8","Computer Software & Services","http://www.agrayellowpages.in/computer-software-services.html"
"1626895514-2250","http://www.agrayellowpages.in/listing/categ.php?id=15","Food Processing Equipments","http://www.agrayellowpages.in/food-processing-equipment.html"
"1626895543-2446","http://www.agrayellowpages.in/listing/categ.php?id=2","Gift & Novelties manfacturers & wholesale shops","http://www.agrayellowpages.in/gifts-novelties.html"
"1626895476-2015","http://www.agrayellowpages.in/listing/categ.php?id=32","Paper Distributors / Merchants","http://www.agrayellowpages.in/paper-manufacturers-distributors-merchants.html"
"1626895541-2422","http://www.agrayellowpages.in/listing/categ.php?id=3","Automobile Gas Kit","http://www.agrayellowpages.in/automobiles-gas-kit.html"
"1626895541-2433","http://www.agrayellowpages.in/listing/categ.php?id=3","Tyre Retreading & Repairs","http://www.agrayellowpages.in/tyre-retreading-repairs.html"
"1626895494-2138","http://www.agrayellowpages.in/listing/categ.php?id=24","Welding Electrodes Equipments & Cables","http://www.agrayellowpages.in/welding-electrodes-equipments-cables.html"
"1626895528-2328","http://www.agrayellowpages.in/listing/categ.php?id=9","Explosive Material","http://www.agrayellowpages.in/explosive-material.html"
"1626895474-2010","http://www.agrayellowpages.in/listing/categ.php?id=33","Medical Instruments","http://www.agrayellowpages.in/diagnostics-equipments-distributors.html"
"1626895494-2115","http://www.agrayellowpages.in/listing/categ.php?id=24","Footwear Machine Suppliers","http://www.agrayellowpages.in/footwear-machinery.html"
"1626895494-2131","http://www.agrayellowpages.in/listing/categ.php?id=24","Security System Equipments","http://www.agrayellowpages.in/security-system-equipment.html"
"1626895487-2086","http://www.agrayellowpages.in/listing/categ.php?id=27","Powder Coating","http://www.agrayellowpages.in/powder-coating.html"
"1626895501-2166","http://www.agrayellowpages.in/listing/categ.php?id=21","Guest House","http://www.agrayellowpages.in/guest-house.html"
"1626895485-2068","http://www.agrayellowpages.in/listing/categ.php?id=28","Ventian Blinds","http://www.agrayellowpages.in/ventian-blinds.html"
"1626895487-2078","http://www.agrayellowpages.in/listing/categ.php?id=27","Medals","http://www.agrayellowpages.in/medals.html"
"1626895514-2258","http://www.agrayellowpages.in/listing/categ.php?id=15","Supari Merchants","http://www.agrayellowpages.in/supari-merchant.html"
"1626895546-2474","http://www.agrayellowpages.in/listing/categ.php?id=1","Sweet & Farsan Shops/Halwais","http://www.agrayellowpages.in/sweet-farsan-shops-halwais.html"
"1626895521-2291","http://www.agrayellowpages.in/listing/categ.php?id=12","Electronic Goods Showroom","http://www.agrayellowpages.in/electronic-goods-show-rooms.html"
"1626895528-2331","http://www.agrayellowpages.in/listing/categ.php?id=9","Furniture General","http://www.agrayellowpages.in/furniture-general.html"
"1626895501-2159","http://www.agrayellowpages.in/listing/categ.php?id=21","Banquet Hall & Caterers","http://www.agrayellowpages.in/banquets-halls-caterers.html"
"1626895499-2151","http://www.agrayellowpages.in/listing/categ.php?id=22","Ball & Roller Bearing / Bushes","http://www.agrayellowpages.in/ball-roller-bearing-bushes.html"
"1626895487-2070","http://www.agrayellowpages.in/listing/categ.php?id=27","Ball & Roller","http://www.agrayellowpages.in/ball-roller-bearing-bushes.html"
"1626895521-2290","http://www.agrayellowpages.in/listing/categ.php?id=12","Electronic & Electrical Goods Service & Repair","http://www.agrayellowpages.in/electrical-goods-service-repairs.html"
"1626895494-2135","http://www.agrayellowpages.in/listing/categ.php?id=24","Voltage Stabilizers","http://www.agrayellowpages.in/voltage-stabilizers.html"
"1626895528-2334","http://www.agrayellowpages.in/listing/categ.php?id=9","Interior Decorators & Designers","http://www.agrayellowpages.in/interior-decorators-designers.html"
"1626895523-2307","http://www.agrayellowpages.in/listing/categ.php?id=11","Computer Training","http://www.agrayellowpages.in/computer-training.html"
"1626895503-2184","http://www.agrayellowpages.in/listing/categ.php?id=20","","http://www.agrayellowpages.in/.html"
"1626895494-2142","http://www.agrayellowpages.in/listing/categ.php?id=24","Generators Manufacturers","http://www.agrayellowpages.in/generators-manufacturers.html"
"1626895528-2321","http://www.agrayellowpages.in/listing/categ.php?id=9","Tiles & Floorings General","http://www.agrayellowpages.in/tiles-floorings-general.html"
"1626895494-2107","http://www.agrayellowpages.in/listing/categ.php?id=24","Construction Equipments","http://www.agrayellowpages.in/construction-equipments.html"
"1626895530-2359","http://www.agrayellowpages.in/listing/categ.php?id=8","Computer Training Center","http://www.agrayellowpages.in/computer-training.html"
"1626895546-2470","http://www.agrayellowpages.in/listing/categ.php?id=1","Ice Cream Suppliers & Distributors","http://www.agrayellowpages.in/ice-cream-suppliers-distributors.html"
"1626895494-2116","http://www.agrayellowpages.in/listing/categ.php?id=24","Generator Spares Parts & Suppliers","http://www.agrayellowpages.in/generators-spares-parts-suppliers-repairs.html"
"1626895541-2432","http://www.agrayellowpages.in/listing/categ.php?id=3","Radiators","http://www.agrayellowpages.in/radiators.html"
"1626895470-2003","http://www.agrayellowpages.in/listing/categ.php?id=35","Sport Complex","http://www.agrayellowpages.in/sport-complex.html"
"1626895472-2005","http://www.agrayellowpages.in/listing/categ.php?id=34","Security System Equipment","http://www.agrayellowpages.in/security-system-equipment.html"
"1626895483-2045","http://www.agrayellowpages.in/listing/categ.php?id=29","Stationery General","http://www.agrayellowpages.in/stationery-general.html"
"1626895485-2062","http://www.agrayellowpages.in/listing/categ.php?id=28","Pin, Clip & Garments Pin","http://www.agrayellowpages.in/pin-clip-garments-pin.html"
"1626895507-2201","http://www.agrayellowpages.in/listing/categ.php?id=18","Glass Gifts Items","http://www.agrayellowpages.in/glass-gifts-items.html"
"1626895528-2340","http://www.agrayellowpages.in/listing/categ.php?id=9","Property Real Estate","http://www.agrayellowpages.in/property-real-estate.html"
"1626895479-2024","http://www.agrayellowpages.in/listing/categ.php?id=31","Plastic Injuction Moulders","http://www.agrayellowpages.in/plastic-injuction-moulders.html"
"1626895528-2350","http://www.agrayellowpages.in/listing/categ.php?id=9","Tube Boring Wells","http://www.agrayellowpages.in/tube-boring-wells.html"
"1626895528-2335","http://www.agrayellowpages.in/listing/categ.php?id=9","Landscape Environment Horticulturist","http://www.agrayellowpages.in/landscape-environment-horticulturist.html"
"1626895483-2034","http://www.agrayellowpages.in/listing/categ.php?id=29","Paper Manufacturer & Convertor","http://www.agrayellowpages.in/paper-manufacturer-convertor.html"
"1626895503-2180","http://www.agrayellowpages.in/listing/categ.php?id=20","Home Appliances","http://www.agrayellowpages.in/home-appliances.html"
"1626895539-2411","http://www.agrayellowpages.in/listing/categ.php?id=4","Health Club Equipments & Suppliers","http://www.agrayellowpages.in/health-club-equipments.html"
"1626895507-2197","http://www.agrayellowpages.in/listing/categ.php?id=18","Glass Beads","http://www.agrayellowpages.in/glass-beads.html"
"1626895512-2226","http://www.agrayellowpages.in/listing/categ.php?id=16","Laces & Threads","http://www.agrayellowpages.in/laces-threads.html"
"1626895516-2268","http://www.agrayellowpages.in/listing/categ.php?id=14","Generators Manufacturers","http://www.agrayellowpages.in/generators-manufacturers.html"
"1626895503-2179","http://www.agrayellowpages.in/listing/categ.php?id=20","Water Purifiers","http://www.agrayellowpages.in/water-purifiers.html"
"1626895539-2416","http://www.agrayellowpages.in/listing/categ.php?id=4","Pharmacueticals Manufacturers","http://www.agrayellowpages.in/pharmaceuticals-manufacturers.html"
"1626895494-2119","http://www.agrayellowpages.in/listing/categ.php?id=24","Jewelery Machines & Tools","http://www.agrayellowpages.in/jewellery-machines-tools.html"
"1626895532-2375","http://www.agrayellowpages.in/listing/categ.php?id=7","Plastic Granules","http://www.agrayellowpages.in/plastic-granules.html"
"1626895535-2390","http://www.agrayellowpages.in/listing/categ.php?id=6","Landscape Envronment Horticulturist","http://www.agrayellowpages.in/landscape-environment-horticulturist.html"
"1626895483-2040","http://www.agrayellowpages.in/listing/categ.php?id=29","Printers-General","http://www.agrayellowpages.in/printers-general.html"
"1626895457-1976","http://www.agrayellowpages.in/listing/categ.php?id=41","Doctors Pediatricians","http://www.agrayellowpages.in/doctors-pediatricians.html"
"1626895528-2341","http://www.agrayellowpages.in/listing/categ.php?id=9","Sanitaryware Manufacturers & Dealers","http://www.agrayellowpages.in/sanitaryware-manufacturers-dealers.html"
"1626895457-1940","http://www.agrayellowpages.in/listing/categ.php?id=41","Doctor Acupuncture","http://www.agrayellowpages.in/doctor-acupuncture.html"
"1626895543-2441","http://www.agrayellowpages.in/listing/categ.php?id=2","Readymade Garments Manufacturers","http://www.agrayellowpages.in/ready-made-garments-manufacturers-dealers-retailers.html"
"1626895485-2051","http://www.agrayellowpages.in/listing/categ.php?id=28","Aluminium Door & Window","http://www.agrayellowpages.in/aluminium-door-window.html"
"1626895496-2145","http://www.agrayellowpages.in/listing/categ.php?id=23","Jewellery Machines & Tools","http://www.agrayellowpages.in/jewellery-machines-tools.html"
"1626895543-2437","http://www.agrayellowpages.in/listing/categ.php?id=2","Exporters of Leather Goods & Shoes","http://www.agrayellowpages.in/exporters-leather-goods-shoes.html"
"1626895514-2260","http://www.agrayellowpages.in/listing/categ.php?id=15","Sweet Shops","http://www.agrayellowpages.in/sweet-farsan-shops-halwais.html"
"1626895532-2369","http://www.agrayellowpages.in/listing/categ.php?id=7","Colour Manufacturers","http://www.agrayellowpages.in/colour-manufacturer.html"
"1626895546-2462","http://www.agrayellowpages.in/listing/categ.php?id=1","Kirana & Spices Merchants","http://www.agrayellowpages.in/kirana-spices-merchants.html"
"1626895487-2080","http://www.agrayellowpages.in/listing/categ.php?id=27","Metal Perforators","http://www.agrayellowpages.in/metal-perforators.html"
"1626895535-2384","http://www.agrayellowpages.in/listing/categ.php?id=6","HR Consultants","http://www.agrayellowpages.in/HR-consultants.html"
"1626895528-2326","http://www.agrayellowpages.in/listing/categ.php?id=9","Elevators Suppliers & Maintainence","http://www.agrayellowpages.in/elevator-contractors-suppliers-maintainence.html"
"1626895521-2297","http://www.agrayellowpages.in/listing/categ.php?id=12","U.P.S","http://www.agrayellowpages.in/ups.html"
"1626895501-2167","http://www.agrayellowpages.in/listing/categ.php?id=21","Bakers / Confectioneries / Pastry Shop","http://www.agrayellowpages.in/bakers-confectioneries-pastry-shops.html"
"1626895512-2228","http://www.agrayellowpages.in/listing/categ.php?id=16","Footwear Machines Suppliers","http://www.agrayellowpages.in/footwear-machinery.html"
"1626895499-2154","http://www.agrayellowpages.in/listing/categ.php?id=22","Brass Products","http://www.agrayellowpages.in/brass-products.html"
"1626895523-2305","http://www.agrayellowpages.in/listing/categ.php?id=11","Coaching Classes-Cookery","http://www.agrayellowpages.in/coaching-classes-cookery.html"
"1626895503-2182","http://www.agrayellowpages.in/listing/categ.php?id=20","","http://www.agrayellowpages.in/.html"
"1626895470-2000","http://www.agrayellowpages.in/listing/categ.php?id=35","Sports Goods & Shoes","http://www.agrayellowpages.in/sports-goods-shoes.html"
"1626895503-2171","http://www.agrayellowpages.in/listing/categ.php?id=20","Bottles","http://www.agrayellowpages.in/bottles.html"
"1626895457-1949","http://www.agrayellowpages.in/listing/categ.php?id=41","Doctors Consultant Physicians","http://www.agrayellowpages.in/doctors-consultant-physicians.html"
"1626895512-2222","http://www.agrayellowpages.in/listing/categ.php?id=16","Footwear Design","http://www.agrayellowpages.in/footwear-design.html"
"1626895521-2288","http://www.agrayellowpages.in/listing/categ.php?id=12","Electro Galvanising / Anodising","http://www.agrayellowpages.in/electro-galvanising-anodising.html"
"1626895485-2066","http://www.agrayellowpages.in/listing/categ.php?id=28","U.P.S","http://www.agrayellowpages.in/ups.html"
"1626895474-2008","http://www.agrayellowpages.in/listing/categ.php?id=33","Diagnostics Equipments Distributor","http://www.agrayellowpages.in/diagnostics-equipments-distributors.html"
"1626895487-2085","http://www.agrayellowpages.in/listing/categ.php?id=27","Piston & Piston rings","http://www.agrayellowpages.in/piston-piston-rings.html"
"1626895521-2287","http://www.agrayellowpages.in/listing/categ.php?id=12","Electric Goods","http://www.agrayellowpages.in/electric-goods.html"
"1626895532-2378","http://www.agrayellowpages.in/listing/categ.php?id=7","Powder Coating","http://www.agrayellowpages.in/powder-coating.html"
"1626895523-2311","http://www.agrayellowpages.in/listing/categ.php?id=11","Play Group School","http://www.agrayellowpages.in/play-group-school.html"
"1626895483-2036","http://www.agrayellowpages.in/listing/categ.php?id=29","Packaging Materials","http://www.agrayellowpages.in/packaging-materials.html"
"1626895507-2208","http://www.agrayellowpages.in/listing/categ.php?id=18","Leather Goods & Accessories","http://www.agrayellowpages.in/leather-goods-accessories.html"
"1626895507-2200","http://www.agrayellowpages.in/listing/categ.php?id=18","Gift & Novelties Manufacturers","http://www.agrayellowpages.in/gifts-novelties.html"
"1626895457-1961","http://www.agrayellowpages.in/listing/categ.php?id=41","Doctors Gynecologists & Obstetricians","http://www.agrayellowpages.in/doctors-gynecologists-obstetricians.html"
"1626895528-2336","http://www.agrayellowpages.in/listing/categ.php?id=9","P.O.P interior Works","http://www.agrayellowpages.in/pop-interior-works.html"
"1626895507-2211","http://www.agrayellowpages.in/listing/categ.php?id=18","Trophy's","http://www.agrayellowpages.in/trophys-manufacturers.html"
"1626895512-2219","http://www.agrayellowpages.in/listing/categ.php?id=16","Footwear Components (Last Shoe)","http://www.agrayellowpages.in/footwear-components-shoe-last.html"
"1626895521-2292","http://www.agrayellowpages.in/listing/categ.php?id=12","Energy Saving Equipments","http://www.agrayellowpages.in/energy-saving-equipments.html"
"1626895501-2160","http://www.agrayellowpages.in/listing/categ.php?id=21","Catering & Caterers","http://www.agrayellowpages.in/catering-caterers.html"
"1626895532-2373","http://www.agrayellowpages.in/listing/categ.php?id=7","Nigros Diesel","http://www.agrayellowpages.in/nigros-diesel.html"
"1626895485-2058","http://www.agrayellowpages.in/listing/categ.php?id=28","Industrial Paints","http://www.agrayellowpages.in/paints.html"
"1626895483-2039","http://www.agrayellowpages.in/listing/categ.php?id=29","Flex Printing / Vinyl Printing","http://www.agrayellowpages.in/flex-printing-vinyl-printing.html"
"1626895457-1973","http://www.agrayellowpages.in/listing/categ.php?id=41","Doctors Oncology","http://www.agrayellowpages.in/doctors-oncology.html"
"1626895487-2072","http://www.agrayellowpages.in/listing/categ.php?id=27","Bio-Technology","http://www.agrayellowpages.in/biotechnology.html"
"1626895528-2343","http://www.agrayellowpages.in/listing/categ.php?id=9","Steel Furnitures","http://www.agrayellowpages.in/steel-furniture.html"
"1626895532-2366","http://www.agrayellowpages.in/listing/categ.php?id=7","Chemical Druggists","http://www.agrayellowpages.in/chemist-druggists.html"
"1626895541-2425","http://www.agrayellowpages.in/listing/categ.php?id=3","Battery Storage Wholesalers & Manufacturers","http://www.agrayellowpages.in/battery-storage.html"
"1626895494-2111","http://www.agrayellowpages.in/listing/categ.php?id=24","Fire Protection Equipments & Suppliers","http://www.agrayellowpages.in/fire-protection-equipment-suppliers.html"
"1626895539-2412","http://www.agrayellowpages.in/listing/categ.php?id=4","Health & Slimming Centre","http://www.agrayellowpages.in/health-slimming-centre.html"
"1626895485-2053","http://www.agrayellowpages.in/listing/categ.php?id=28","Furnishing Material / Furnishers","http://www.agrayellowpages.in/furnishing-material-furnishers.html"
"1626895514-2255","http://www.agrayellowpages.in/listing/categ.php?id=15","Mineral Water","http://www.agrayellowpages.in/mineral-water.html"
"1626895485-2049","http://www.agrayellowpages.in/listing/categ.php?id=28","Fax Machines Services","http://www.agrayellowpages.in/fax-machines-services.html"
"1626895512-2231","http://www.agrayellowpages.in/listing/categ.php?id=16","Footwear Welts","http://www.agrayellowpages.in/footwear-welts.html"
"1626895494-2133","http://www.agrayellowpages.in/listing/categ.php?id=24","Transformers","http://www.agrayellowpages.in/transformers.html"
"1626895514-2251","http://www.agrayellowpages.in/listing/categ.php?id=15","Ice Cream & Frozen Deserts Manufacturers","http://www.agrayellowpages.in/ice-cream-frozen-desserts.html"
"1626895485-2050","http://www.agrayellowpages.in/listing/categ.php?id=28","Aluminium Partition","http://www.agrayellowpages.in/aluminium-partition.html"
"1626895494-2140","http://www.agrayellowpages.in/listing/categ.php?id=24","Jewellery Immitation","http://www.agrayellowpages.in/jewellery-immitation.html"
"1626895457-1964","http://www.agrayellowpages.in/listing/categ.php?id=41","Doctors I.V.F. Centre","http://www.agrayellowpages.in/doctors-ivf-centre.html"
"1626895490-2093","http://www.agrayellowpages.in/listing/categ.php?id=26","Homeopathic Medicines Stores","http://www.agrayellowpages.in/homeopathic-medicines-stores.html"
"1626895483-2037","http://www.agrayellowpages.in/listing/categ.php?id=29","Stationery General","http://www.agrayellowpages.in/stationery-general.html"
"1626895494-2124","http://www.agrayellowpages.in/listing/categ.php?id=24","Packing Machine Manufacturers","http://www.agrayellowpages.in/packing-machine-manufacturer.html"
"1626895487-2074","http://www.agrayellowpages.in/listing/categ.php?id=27","Cast Iron Pipes & Fitting","http://www.agrayellowpages.in/cast-iron-pipes-fitting.html"
"1626895476-2017","http://www.agrayellowpages.in/listing/categ.php?id=32","Paper Manufacturer & Convertor","http://www.agrayellowpages.in/paper-manufacturer-convertor.html"
"1626895503-2183","http://www.agrayellowpages.in/listing/categ.php?id=20","","http://www.agrayellowpages.in/.html"
"1626895479-2020","http://www.agrayellowpages.in/listing/categ.php?id=31","Packing Machine Manufacturer","http://www.agrayellowpages.in/packing-machine-manufacturer.html"
"1626895528-2325","http://www.agrayellowpages.in/listing/categ.php?id=9","Elevators Manufacturers","http://www.agrayellowpages.in/elevator-manufacturers.html"
"1626895479-2018","http://www.agrayellowpages.in/listing/categ.php?id=31","Plastic & Plastic Products","http://www.agrayellowpages.in/plastic-products.html"
"1626895512-2229","http://www.agrayellowpages.in/listing/categ.php?id=16","Footwear Manufacturers & Suppliers & Traders","http://www.agrayellowpages.in/footwear-manufacturer-wolesalers-traders.html"
"1626895457-1953","http://www.agrayellowpages.in/listing/categ.php?id=41","Doctors Dermatologist","http://www.agrayellowpages.in/doctors-dermatologist.html"
"1626895546-2475","http://www.agrayellowpages.in/listing/categ.php?id=1","Tube Boring Wells","http://www.agrayellowpages.in/tube-boring-wells.html"
"1626895507-2206","http://www.agrayellowpages.in/listing/categ.php?id=18","Electronic Goods","http://www.agrayellowpages.in/electronic-goods-show-rooms.html"
"1626895541-2417","http://www.agrayellowpages.in/listing/categ.php?id=3","Automobile Accessories","http://www.agrayellowpages.in/automobiles-accessories.html"
"1626895514-2254","http://www.agrayellowpages.in/listing/categ.php?id=15","Kirana / Spices Merchants","http://www.agrayellowpages.in/kirana-spices-merchants.html"
"1626895521-2289","http://www.agrayellowpages.in/listing/categ.php?id=12","Electro Plating","http://www.agrayellowpages.in/electro-plating.html"
"1626895494-2109","http://www.agrayellowpages.in/listing/categ.php?id=24","Diesel Engines Spares","http://www.agrayellowpages.in/diesel-engines-spares-manufacturers-dealers.html"
"1626895528-2319","http://www.agrayellowpages.in/listing/categ.php?id=9","Builders & Building Contractors","http://www.agrayellowpages.in/builders-building-contractors.html"
"1626895530-2361","http://www.agrayellowpages.in/listing/categ.php?id=8","Cartidge Refilling","http://www.agrayellowpages.in/cartridge-refilling.html"
"1626895541-2420","http://www.agrayellowpages.in/listing/categ.php?id=3","Automobile Distributors","http://www.agrayellowpages.in/automobiles-manufactures-dealers.html"
"1626895546-2463","http://www.agrayellowpages.in/listing/categ.php?id=1","Refirgerators & Freezers Manufacturers & Dealers","http://www.agrayellowpages.in/refrigerators-freezers-manufacturers-dealer.html"
"1626895528-2320","http://www.agrayellowpages.in/listing/categ.php?id=9","Building Material Suppliers","http://www.agrayellowpages.in/building-material-suppliers.html"
"1626895457-1985","http://www.agrayellowpages.in/listing/categ.php?id=41","Doctor Ultrasound","http://www.agrayellowpages.in/doctor-ultrasound.html"
"1626895474-2009","http://www.agrayellowpages.in/listing/categ.php?id=33","Dairy Equipments Suppliers","http://www.agrayellowpages.in/diagnostics-equipments-distributors.html"
"1626895494-2122","http://www.agrayellowpages.in/listing/categ.php?id=24","Office Automation Equipments","http://www.agrayellowpages.in/office-automation-equipment.html"
"1626895512-2241","http://www.agrayellowpages.in/listing/categ.php?id=16","Threads Manufacturers & Suppliers","http://www.agrayellowpages.in/thread-manufacturers-suppliers.html"
"1626895528-2330","http://www.agrayellowpages.in/listing/categ.php?id=9","Furnishing Material / Funishers","http://www.agrayellowpages.in/furnishing-material-furnishers.html"
"1626895512-2242","http://www.agrayellowpages.in/listing/categ.php?id=16","Shoe Lining Manufacturers","http://www.agrayellowpages.in/shoe-lining-manufacturers.html"
"1626895499-2149","http://www.agrayellowpages.in/listing/categ.php?id=22","Air Cooling","http://www.agrayellowpages.in/air-cooling.html"
"1626895496-2147","http://www.agrayellowpages.in/listing/categ.php?id=23","Jewellery Showrooms & Retailers","http://www.agrayellowpages.in/jewellery-showrooms-retailers.html"
"1626895485-2065","http://www.agrayellowpages.in/listing/categ.php?id=28","Tele-Communication Systems","http://www.agrayellowpages.in/tele-communication-systems-equp-manufacturers-suppliers.html"
"1626895541-2421","http://www.agrayellowpages.in/listing/categ.php?id=3","Automobile Garages / Service Centre","http://www.agrayellowpages.in/automobiles-garages-service-centre.html"
"1626895457-1962","http://www.agrayellowpages.in/listing/categ.php?id=41","Doctors Hand Surgeon & Micro Surgeons","http://www.agrayellowpages.in/doctors-hand-surgeon-micro-surgeons.html"
"1626895494-2125","http://www.agrayellowpages.in/listing/categ.php?id=24","Pathology / Laboraties Equipments","http://www.agrayellowpages.in/pathology-laboratories-eqiupments-suppliers.html"
"1626895516-2270","http://www.agrayellowpages.in/listing/categ.php?id=14","Generators-Service And Repair","http://www.agrayellowpages.in/generators-service-repair.html"
"1626895487-2076","http://www.agrayellowpages.in/listing/categ.php?id=27","Chains & Imitation","http://www.agrayellowpages.in/chains-imitation.html"
"1626895516-2271","http://www.agrayellowpages.in/listing/categ.php?id=14","Generators-Silent / Canopy Manufacturers","http://www.agrayellowpages.in/generators-silent-canopy.html"
"1626895523-2306","http://www.agrayellowpages.in/listing/categ.php?id=11","Computer Education","http://www.agrayellowpages.in/computer-education.html"
"1626895457-1945","http://www.agrayellowpages.in/listing/categ.php?id=41","Doctors Cancer Physician","http://www.agrayellowpages.in/doctors-cancer-physician.html"
"1626895530-2353","http://www.agrayellowpages.in/listing/categ.php?id=8","Computer Education","http://www.agrayellowpages.in/computer-education.html"
"1626895503-2177","http://www.agrayellowpages.in/listing/categ.php?id=20","Plastics Goods","http://www.agrayellowpages.in/plastic-products.html"
"1626895490-2096","http://www.agrayellowpages.in/listing/categ.php?id=26","Pathology / Laboratory Equipments Suppliers","http://www.agrayellowpages.in/pathology-laboratories-eqiupments-suppliers.html"
"1626895507-2196","http://www.agrayellowpages.in/listing/categ.php?id=18","Bangles Shops","http://www.agrayellowpages.in/bangles-shop-mfrs-distributor.html"
"1626895512-2238","http://www.agrayellowpages.in/listing/categ.php?id=16","Shoe Manufacturer, Suppliers & Traders","http://www.agrayellowpages.in/shoe-manufacturer-suppliers.html"
"1626895543-2439","http://www.agrayellowpages.in/listing/categ.php?id=2","Hankies Manufacturers & Suppliers","http://www.agrayellowpages.in/hankies.html"
"1626895512-2220","http://www.agrayellowpages.in/listing/categ.php?id=16","Footwear Chemicals","http://www.agrayellowpages.in/shoe-chemicals.html"
"1626895514-2261","http://www.agrayellowpages.in/listing/categ.php?id=15","Tea Ratailers & Wholesalers","http://www.agrayellowpages.in/tea-retailers-wholesalers.html"
"1626895472-2004","http://www.agrayellowpages.in/listing/categ.php?id=34","CCTV","http://www.agrayellowpages.in/CCTV.html"
"1626895485-2060","http://www.agrayellowpages.in/listing/categ.php?id=28","Plastic Doors","http://www.agrayellowpages.in/plastic-doors.html"
"1626895457-1955","http://www.agrayellowpages.in/listing/categ.php?id=41","Doctors Echo-Cardiologist","http://www.agrayellowpages.in/doctors-echo-cardiologist.html"
"1626895485-2059","http://www.agrayellowpages.in/listing/categ.php?id=28","Photocopying Machines Sale / Service","http://www.agrayellowpages.in/photocopying-machines-sale-service.html"
"1626895494-2123","http://www.agrayellowpages.in/listing/categ.php?id=24","Oil Processing Equipments (Machine)","http://www.agrayellowpages.in/oil-processing-equipment.html"
"1626895528-2329","http://www.agrayellowpages.in/listing/categ.php?id=9","Floor Covering","http://www.agrayellowpages.in/floor-coverings.html"
"1626895505-2193","http://www.agrayellowpages.in/listing/categ.php?id=19","Sport Complex","http://www.agrayellowpages.in/sport-complex.html"
"1626895512-2237","http://www.agrayellowpages.in/listing/categ.php?id=16","Exporters-Leather Goods & Shoes","http://www.agrayellowpages.in/exporters-leather-goods-shoes.html"
"1626895494-2108","http://www.agrayellowpages.in/listing/categ.php?id=24","Dairy Equipments & Suppliers","http://www.agrayellowpages.in/dairy-equipments-suppliers.html"
"1626895496-2146","http://www.agrayellowpages.in/listing/categ.php?id=23","Jewellery Immitation","http://www.agrayellowpages.in/jewellery-immitation.html"
"1626895494-2143","http://www.agrayellowpages.in/listing/categ.php?id=24","Tube Boring Wells","http://www.agrayellowpages.in/tube-boring-wells.html"
"1626895521-2296","http://www.agrayellowpages.in/listing/categ.php?id=12","Transformers","http://www.agrayellowpages.in/transformers.html"
"1626895490-2094","http://www.agrayellowpages.in/listing/categ.php?id=26","Hospital & Nursing Home","http://www.agrayellowpages.in/hospitals-nursing-home.html"
"1626895457-1979","http://www.agrayellowpages.in/listing/categ.php?id=41","Doctor Retina Specialist","http://www.agrayellowpages.in/doctor-retina-specialist.html"
"1626895457-1969","http://www.agrayellowpages.in/listing/categ.php?id=41","Doctors Menopause","http://www.agrayellowpages.in/doctors-menopause.html"
"1626895546-2461","http://www.agrayellowpages.in/listing/categ.php?id=1","Frozen Peas Manufacturers","http://www.agrayellowpages.in/frozen-peas-manufacturers.html"
"1626895485-2056","http://www.agrayellowpages.in/listing/categ.php?id=28","Lights","http://www.agrayellowpages.in/lights-lighting-products.html"
"1626895468-1997","http://www.agrayellowpages.in/listing/categ.php?id=36","Tele-Communication Systems","http://www.agrayellowpages.in/tele-communication-systems-equp-manufacturers-suppliers.html"
"1626895528-2337","http://www.agrayellowpages.in/listing/categ.php?id=9","Pattern Makers","http://www.agrayellowpages.in/pattern-maker.html"
"1626895457-1954","http://www.agrayellowpages.in/listing/categ.php?id=41","Doctors Diabetologists","http://www.agrayellowpages.in/doctors-diabetologists.html"
"1626895535-2401","http://www.agrayellowpages.in/listing/categ.php?id=6","Security Services","http://www.agrayellowpages.in/security-services.html"
